movie_id,user_id,rating
1596363,108417642,8
1210166,108417642,8
2005151,108417642,7
0887912,108417642,8
1790885,108417642,9
4758646,108417642,7
3659388,108417642,8
0181689,108417642,9
1631867,108417642,8
0480249,108417642,8
0816711,108417642,7
6857112,108417642,6
1670345,108417642,7
0167404,108417642,8
0425112,108417642,7
1156398,108417642,7
6823368,108417642,6
0217869,108417642,7
4972582,108417642,7
0365748,108417642,7
0362270,108417642,6
1007029,108417642,6
10696784,108417642,7
1242460,108417642,8
1160419,108417642,10
0110413,108417642,9
0434409,108417642,8
0120382,108417642,8
0083658,108417642,8
0206634,108417642,9
1392190,108417642,9
6257970,108417642,8
2382320,108417642,9
1074638,108417642,10
0077651,108417642,7
10919420,108417642,8
9639470,108417642,8
0091042,108417642,8
8695030,108417642,5
9421570,108417642,7
0242653,108417642,6
0234215,108417642,7
0133093,108417642,9
9243804,108417642,8
8772262,108417642,8
1022603,108417642,8
3783958,108417642,9
6468322,108417642,8
7767422,108417642,9
0094525,108417642,8
0487831,108417642,8
10048342,108417642,8
0475784,108417642,8
1606375,108417642,9
1190634,108417642,9
4574334,108417642,8
5687612,108417642,9
8111088,108417642,9
2861424,108417642,9
0903747,108417642,10
1454029,108417642,8
0139654,108417642,8
12801262,108417642,8
0395251,108417642,7
2381249,108417642,7
1229238,108417642,7
4912910,108417642,9
2379713,108417642,7
0086879,108417642,10
1392214,108417642,9
2562232,108417642,10
0081505,108417642,8
4925292,108417642,7
0947798,108417642,8
1560747,108417642,8
5776858,108417642,7
0114814,108417642,8
2872718,108417642,8
0407887,108417642,8
3228774,108417642,7
0118715,108417642,8
0068646,108417642,10
0477348,108417642,8
0113277,108417642,8
0114369,108417642,9
0332452,108417642,8
0469494,108417642,9
0959337,108417642,8
9784798,108417642,8
5726616,108417642,7
1489887,108417642,8
9243946,108417642,8
2278871,108417642,8
8332922,108417642,8
6644200,108417642,8
2713180,108417642,8
0332379,108417642,7
0378194,108417642,8
0110912,108417642,8
0418763,108417642,8
0095243,1087304,7
0119558,1087304,5
0049815,1087304,5
1160419,1087304,8
0113189,1087304,8
2382320,1087304,9
0076111,1087304,5
9376612,1087304,8
0122748,1087304,5
0084911,1087304,8
0066999,1087304,9
0086383,1087304,6
0086250,1087304,7
0028597,1087304,7
10706602,1087304,7
0058672,1087304,7
8332922,1087304,8
5646136,1087304,4
0310793,1087304,6
6163356,1087304,4
0083869,1087304,7
0032123,1087304,6
0071230,1087304,8
0129694,1087304,8
1950799,1087304,8
0098769,1087304,10
0108700,1087304,10
0221300,1087304,9
0996994,1087304,10
2380247,1087304,8
0053221,1087304,7
5822564,1087304,4
6723592,1087304,8
0039677,1087304,10
0060934,1087304,6
0027260,1087304,8
0050986,1087304,5
0050976,1087304,10
0099653,1087304,10
0376293,1087304,4
0100054,1087304,5
0048980,1087304,7
0017075,1087304,8
0808446,1087304,8
0027075,1087304,7
0042208,1087304,7
0046414,1087304,5
0055184,1087304,8
0089841,1087304,6
8649822,1087304,6
5884004,1087304,7
7975244,1087304,7
2283362,1087304,7
0113497,1087304,8
2066051,1087304,9
4715278,1087304,1
5246604,1087304,1
1062182,1087304,1
4703624,1087304,1
4706816,1087304,1
0044851,1087304,4
0045468,1087304,3
0047794,1087304,4
0047795,1087304,4
0022759,1087304,9
0019465,1087304,7
0048261,1087304,6
0046911,1087304,10
0129119,1087304,5
0039689,1087304,10
0054310,1087304,5
0093010,1087304,9
0106856,1087304,5
0038733,1087304,8
0032007,1087304,6
0035419,1087304,7
0039011,1087304,6
0023551,1087304,8
0179624,1087304,10
0015624,1087304,9
0038499,1087304,6
0040725,1087304,10
0218839,1087304,10
0026291,1087304,5
0028010,1087304,9
0024184,1087304,8
8305806,1087304,5
0056983,1087304,6
0061264,1087304,5
0054462,1087304,3
0052655,1087304,6
0056552,1087304,5
0057449,1087304,5
0057693,1087304,5
0057128,1087304,5
0058333,1087304,6
0149523,1087304,9
0063932,1087304,9
0067328,1087304,5
0069495,1087304,8
2382320,125964543,9
9731534,125964543,8
9376612,125964543,3
6334354,125964543,2
3272066,125964543,8
9742794,125964543,7
9140554,125964543,7
8385148,125964543,7
11083552,125964543,8
5433138,125964543,6
0870154,125964543,7
9243804,125964543,8
6566576,125964543,4
0060196,125964543,7
0050083,125964543,9
0108052,125964543,2
0111161,125964543,5
0109830,125964543,2
6751668,125964543,8
7286456,125964543,2
1051906,125964543,3
6857112,125964543,1
5052448,125964543,2
8772262,125964543,8
7131622,125964543,8
6644200,125964543,8
7069210,125964543,7
8332922,125964543,8
3554046,125964543,1
9777666,125964543,5
3480822,125964543,1
9203694,125964543,6
12361974,125964543,10
7888964,125964543,4
0293429,125964543,5
12282598,125964543,9
2582782,125964543,10
2076822,125964543,7
5085522,125964543,8
1825683,125964543,6
7737786,125964543,6
10919380,125964543,6
5918982,125964543,5
10229558,125964543,4
5867314,125964543,9
0993846,125964543,8
1853728,125964543,8
0110912,125964543,9
0468569,125964543,10
0816692,125964543,10
1375666,125964543,8
2345737,125964543,7
5463162,125964543,7
1270797,125964543,7
0448115,125964543,4
0770828,125964543,8
1477834,125964543,5
0974015,125964543,7
2975590,125964543,8
0451279,125964543,2
3896198,125964543,8
2015381,125964543,8
1300854,125964543,6
0371746,125964543,8
0848228,125964543,7
1843866,125964543,9
3498820,125964543,9
2395427,125964543,6
0478970,125964543,6
1211837,125964543,7
4154664,125964543,1
10539608,125964543,8
7126948,125964543,4
0983946,125964543,8
6723592,125964543,10
2382320,21374969,4
0043014,21374969,8
8368408,21374969,2
3480822,21374969,2
9737326,21374969,2
9812474,21374969,2
10280296,21374969,3
13024674,21374969,2
12731980,21374969,8
0050562,21374969,7
0051198,21374969,8
0050629,21374969,7
0051398,21374969,7
0053221,21374969,9
0052902,21374969,9
0053580,21374969,8
0054127,21374969,8
0054757,21374969,8
0056217,21374969,10
0056059,21374969,8
0066301,21374969,8
0065547,21374969,8
0065150,21374969,7
0065126,21374969,9
0066831,21374969,8
0063060,21374969,8
0056197,21374969,8
0043887,21374969,8
0041866,21374969,9
0040724,21374969,9
0039927,21374969,8
0037522,21374969,8
0040369,21374969,9
0068421,21374969,9
0063035,21374969,9
0069834,21374969,8
0071824,21374969,8
0072732,21374969,7
0073636,21374969,7
0062472,21374969,9
0075213,21374969,8
5748448,21374969,2
1270114,21374969,2
5708060,21374969,6
0025878,21374969,10
0485947,21374969,8
5084170,21374969,9
2924392,21374969,3
1518812,21374969,8
1202353,21374969,9
0295725,21374969,9
4218696,21374969,2
10228134,21374969,3
6506264,21374969,3
9373688,21374969,4
0993840,21374969,2
0047376,21374969,9
10333426,21374969,3
0499097,21374969,1
4136456,21374969,2
9203694,21374969,4
5932368,21374969,1
6410712,21374969,1
4158110,21374969,10
11334312,21374969,2
2911666,21374969,10
0094517,21374969,8
6878306,21374969,8
0050032,21374969,9
11456054,21374969,2
9691136,21374969,1
9620292,21374969,2
10539608,21374969,8
3534282,21374969,7
7737786,21374969,8
0087799,21374969,7
1881002,21374969,7
0489974,21374969,8
7846844,21374969,6
11140488,21374969,7
3230854,21374969,9
8850222,21374969,4
2671706,21374969,3
11946300,21374969,1
7556122,21374969,4
0435434,21374969,9
9686708,21374969,8
1549572,21374969,8
2372162,21374969,1
7008682,21374969,3
7326320,21374969,2
9777644,21374969,2
5052474,21374969,10
3397884,21374969,9
0962826,21374969,8
8727992,21374969,7
0051654,21374969,6
8936646,21374969,8
9139586,21374969,7
2061702,21374969,8
2316411,48808769,8
0790724,48808769,8
12235718,48808769,8
5836316,48808769,9
8385148,48808769,9
9893250,48808769,8
9308682,48808769,8
10521092,48808769,9
1160419,48808769,10
3215824,48808769,8
1956017,48808769,8
1606375,48808769,10
5705956,48808769,9
2372220,48808769,8
2382320,48808769,10
0378897,48808769,10
3502248,48808769,9
0066101,48808769,9
1796960,48808769,10
1632701,48808769,10
1632701,48808769,10
11834150,48808769,10
1632701,48808769,10
0218967,48808769,9
0087843,48808769,5
1958961,48808769,9
1958961,48808769,9
2442560,48808769,10
0111161,48808769,10
0108052,48808769,10
2584384,48808769,10
4943998,48808769,10
0348914,48808769,10
2319580,48808769,8
0057831,48808769,10
0979432,48808769,10
0306414,48808769,10
2140571,48808769,4
1092082,48808769,8
2249007,48808769,10
2249007,48808769,10
0104694,48808769,9
5516154,48808769,9
0058947,48808769,9
0075784,48808769,10
0056197,48808769,10
0074452,48808769,10
0061578,48808769,10
0054953,48808769,10
0065938,48808769,10
0065207,48808769,10
7248248,48808769,7
11790674,48808769,8
4179452,48808769,10
4179452,48808769,10
4179452,48808769,10
4179452,48808769,10
0094008,48808769,8
0090605,48808769,10
2397535,48808769,9
4574334,48808769,10
2306299,48808769,10
2306299,48808769,10
2306299,48808769,10
2306299,48808769,10
0105323,48808769,9
1051906,48808769,9
8272332,48808769,7
6515910,48808769,8
9203694,48808769,8
0944947,48808769,10
0944947,48808769,10
0944947,48808769,10
0944947,48808769,10
0944947,48808769,10
0944947,48808769,10
0944947,48808769,10
0944947,48808769,10
0944947,48808769,10
0944947,48808769,10
0944947,48808769,10
0944947,48808769,10
2083383,48808769,8
3006802,48808769,10
3006802,48808769,10
3006802,48808769,10
3006802,48808769,10
3006802,48808769,10
3006802,48808769,10
5905354,48808769,9
1771742,48808769,8
5606664,48808769,9
10333426,48808769,8
0135706,48808769,8
0199376,48808769,7
0993846,48808769,10
13061914,48808769,7
11307814,48808769,7
2085059,48808769,10
7366338,48808769,10
9376612,53521638,1
2382320,53521638,5
3811906,53521638,7
10366460,53521638,10
6246322,53521638,1
6334354,53521638,1
3480822,53521638,8
5144174,53521638,9
1070874,53521638,10
9620292,53521638,1
8368512,53521638,7
2076822,53521638,8
7137380,53521638,7
8721556,53521638,1
7126948,53521638,1
7778680,53521638,6
4154796,53521638,10
5080556,53521638,1
4088268,53521638,6
11953248,55998409,1
15816002,55998409,1
11253090,55998409,10
11525188,55998409,10
10415600,55998409,10
10873536,55998409,1
2382320,55998409,10
14273718,55998409,1
10574558,55998409,10
0335438,55998409,10
12851524,55998409,10
9735470,55998409,8
11252440,55998409,10
4052886,55998409,10
2872718,55998409,10
6468322,55998409,10
0363988,55998409,10
10888878,55998409,10
11003218,55998409,10
0804503,55998409,10
0804503,55998409,10
10888594,55998409,1
11581174,55998409,10
3063454,55998409,10
14321330,55998409,10
5034838,55998409,10
11348626,55998409,1
12867926,55998409,10
9016974,55998409,10
10883302,55998409,10
10016180,55998409,1
6723592,55998409,10
0405508,55998409,10
11242218,55998409,10
10682266,55998409,10
10404698,55998409,6
11385128,55998409,10
4682266,55998409,1
4566758,55998409,1
11992162,55998409,1
8089592,55998409,10
7886848,55998409,1
4052886,55998409,10
4052886,55998409,10
4052886,55998409,10
4052886,55998409,10
4052886,55998409,10
4052886,55998409,10
4052886,55998409,10
4052886,55998409,10
4052886,55998409,10
0316654,55998409,10
12265384,55998409,10
10350626,55998409,1
8110330,55998409,10
1592525,55998409,10
0092718,55998409,10
12405230,55998409,10
6499752,55998409,10
7098658,55998409,1
9096108,55998409,1
12485260,55998409,10
11767990,55998409,1
8580274,55998409,10
12393526,55998409,10
6112414,55998409,10
6112414,55998409,10
6112414,55998409,10
2395469,55998409,1
12383360,55998409,1
9343826,55998409,1
11777460,55998409,1
6984230,55998409,10
8064302,55998409,10
8064302,55998409,10
8064302,55998409,10
8064302,55998409,10
8064302,55998409,10
8064302,55998409,10
8064302,55998409,10
8064302,55998409,10
8064302,55998409,10
8064302,55998409,10
11336680,55998409,1
6054758,55998409,10
4909506,55998409,10
3394420,55998409,10
3006576,55998409,10
8667956,55998409,10
11731984,55998409,1
1220617,55998409,10
0117951,55998409,10
7998242,55998409,10
11779616,55998409,10
10023024,55998409,1
9877170,55998409,10
0059246,55998409,10
7838252,55998409,8
0118615,55998409,10
9648672,55998409,1
8946378,73747171,9
0479884,73747171,10
2382320,73747171,8
11083552,73747171,9
10016180,73747171,9
0378194,73747171,9
0472954,73747171,9
0138510,73747171,9
3438354,73747171,8
0472954,73747171,10
0472954,73747171,10
0088930,73747171,9
0472954,73747171,9
0472954,73747171,10
0105690,73747171,5
0109676,73747171,6
0472954,73747171,9
0111161,73747171,10
0472954,73747171,10
0106519,73747171,9
0116282,73747171,9
0472954,73747171,9
0104073,73747171,9
0472954,73747171,10
2404463,73747171,7
0264472,73747171,10
0183649,73747171,10
0101393,73747171,9
0472954,73747171,10
0472954,73747171,10
0472954,73747171,9
0367279,73747171,10
0367279,73747171,10
0167404,73747171,9
0367279,73747171,9
0055928,73747171,8
2379713,73747171,4
1074638,73747171,8
0830515,73747171,7
0381061,73747171,8
0246460,73747171,8
0120347,73747171,10
0113189,73747171,10
0143145,73747171,8
0097742,73747171,10
0093428,73747171,10
0090264,73747171,10
0086034,73747171,10
0082398,73747171,9
0079574,73747171,8
0076752,73747171,10
0071807,73747171,6
0070328,73747171,10
0064757,73747171,7
0058150,73747171,10
0367279,73747171,10
0266697,73747171,9
1439629,73747171,10
1439629,73747171,10
1194173,73747171,6
1439629,73747171,10
0103759,73747171,7
1229238,73747171,6
0440963,73747171,7
0372183,73747171,8
2911666,73747171,6
0155267,73747171,7
3569230,73747171,6
2084970,73747171,6
0122933,73747171,10
1302006,73747171,5
0407887,73747171,8
0133093,73747171,3
0072890,73747171,10
0119783,73747171,8
0107048,73747171,7
1486217,73747171,10
0487831,73747171,10
0898266,73747171,1
1439629,73747171,9
2467372,73747171,8
0460649,73747171,4
0098904,73747171,10
0262150,73747171,10
0118715,73747171,6
0094226,73747171,6
0120735,73747171,10
1032755,73747171,10
0107969,73747171,5
0152930,73747171,7
5052448,73747171,9
0095631,73747171,8
0240772,73747171,5
0109444,73747171,7
0264464,73747171,8
0092099,73747171,10
0266987,73747171,7
1258197,73747171,6
0166924,73747171,8
0106489,73747171,10
0073496,114891506,8
4236770,114891506,5
2382320,114891506,2
9904802,114891506,2
0054292,114891506,7
3280150,114891506,10
8948132,114891506,6
10521092,114891506,8
0368479,114891506,7
0118275,114891506,10
0115193,114891506,10
0100685,114891506,10
0064699,114891506,2
0106079,114891506,10
0106079,114891506,10
1620950,114891506,10
8639136,114891506,2
0077889,114891506,8
11655202,114891506,4
11721492,114891506,2
6048922,114891506,10
0950721,114891506,9
0062029,114891506,8
6510950,114891506,8
0499097,114891506,2
10155688,114891506,10
0064072,114891506,10
5957766,114891506,1
3486080,114891506,1
0197182,114891506,5
6834916,114891506,2
1895315,114891506,2
0952665,114891506,7
11905962,114891506,10
7698468,114891506,6
5952634,114891506,10
5583512,114891506,9
6932874,129721247,5
9639470,129721247,5
2382320,129721247,9
10665338,129721247,9
8385148,129721247,3
7069210,129721247,7
8332922,129721247,5
10342730,129721247,10
8829830,129721247,6
0293429,129721247,9
9664108,129721247,4
9419056,129721247,10
10370042,129721247,5
8160834,129721247,1
2379713,129721247,10
0133093,129721247,10
0123755,129721247,8
5159414,129721247,5
0081505,129721247,7
7908628,42120328,6
2382320,42120328,5
2224026,42120328,5
5556054,42120328,4
11809034,42120328,6
9376612,42120328,4
1430122,42120328,8
10676012,42120328,6
3846674,42120328,6
9354842,42120328,6
1086064,42120328,4
0110912,42120328,7
0114369,42120328,8
12801262,42120328,6
7737528,42120328,5
0870154,42120328,7
10919420,42120328,9
13472984,42120328,4
7390646,42120328,6
11083552,42120328,6
3794354,42120328,2
4206510,42120328,6
0878117,42120328,9
7550000,42120328,6
8106534,42120328,3
8629748,42120328,6
1025100,42120328,7
5397194,42120328,8
6264654,42120328,7
6334354,42120328,4
2239822,42120328,7
2193021,42120328,4
4052886,42120328,5
7488208,42120328,5
0993840,42120328,6
3470600,42120328,7
2709768,42120328,5
5814534,42120328,6
2283362,42120328,6
4701182,42120328,4
6146586,42120328,3
0448115,42120328,7
0437086,42120328,9
3480822,42120328,5
3228774,42120328,8
2861424,42120328,9
9140554,42120328,4
9777666,42120328,8
9685342,42120328,9
6320628,42120328,6
7556122,42120328,7
2798920,42120328,7
4682266,42120328,9
6087226,42120328,5
7979580,42120328,6
7888964,42120328,6
12838766,42120328,9
8936646,42120328,7
7638348,42120328,8
0125439,42120328,6
11032374,42120328,8
5715066,42120328,5
2222042,42120328,7
0293429,42120328,6
12361974,42120328,8
0974015,42120328,2
10993566,42120328,1
2850386,42120328,8
5109280,42120328,6
9624766,42120328,1
7080422,42120328,7
9691136,42120328,3
10451914,42120328,6
7126948,42120328,4
2948372,42120328,7
6723592,42120328,4
2139881,42120328,8
3274690,42120328,5
9580138,42120328,7
4566758,42120328,4
0369179,42120328,4
6966692,42120328,7
10627720,42120328,9
0493093,42120328,8
4633694,42120328,6
0910970,42120328,8
9484998,42120328,8
1620680,42120328,1
3089630,42120328,2
5052474,42120328,7
6565702,42120328,8
7146812,42120328,8
5727208,42120328,5
2386490,42120328,6
8228288,42120328,6
2935510,42120328,6
4520988,42120328,7
1620981,42120328,3
8155288,42120328,5
4777008,42120328,7
4661358,4892963,6
2382320,4892963,8
0032653,4892963,10
1740299,4892963,4
7286456,4892963,9
4555426,4892963,6
1638355,4892963,5
2381249,4892963,9
2713180,4892963,1
3552166,4892963,8
3101352,4892963,7
0993846,4892963,5
0359950,4892963,2
1800241,4892963,2
0857190,4892963,1
1343092,4892963,3
0156524,4892963,10
1130884,4892963,7
0361748,4892963,3
0059323,4892963,5
0118799,4892963,6
0066109,4892963,8
0108052,4892963,6
11649338,50035283,1
10196398,50035283,5
4870838,50035283,1
0120609,50035283,7
15476620,50035283,6
0028390,50035283,7
0452702,50035283,6
9376612,50035283,8
1242460,50035283,8
0449059,50035283,8
9421570,50035283,7
0259446,50035283,6
1467304,50035283,2
0160127,50035283,7
2980210,50035283,6
10696896,50035283,7
1964624,50035283,1
10280296,50035283,7
6246322,50035283,7
6334354,50035283,8
3272066,50035283,6
10954652,50035283,5
2368619,50035283,6
0309698,50035283,8
1974419,50035283,5
5752192,50035283,1
0187078,50035283,7
7043012,50035283,5
11235772,50035283,5
4160708,50035283,7
8075496,50035283,7
0095953,50035283,9
10230994,50035283,1
1656190,50035283,7
0146309,50035283,8
3177316,50035283,5
1160419,50035283,8
0117247,50035283,8
0116367,50035283,7
7097896,50035283,5
1448755,50035283,7
0120148,50035283,8
0094889,50035283,6
3480822,50035283,8
0263488,50035283,6
0118972,50035283,6
0090563,50035283,8
7069210,50035283,8
10345590,50035283,5
2382320,50035283,8
2312718,50035283,5
0449061,50035283,5
0096969,50035283,1
4733624,50035283,7
7084386,50035283,8
0450385,50035283,7
14402926,50035283,7
9701942,50035283,7
14324650,50035283,6
9701940,50035283,2
6566576,50035283,1
10322274,50035283,10
0092099,50035283,7
14025788,50035283,8
2317225,50035283,5
0090863,50035283,8
9777666,50035283,8
10096842,50035283,5
11790674,50035283,6
0164334,50035283,7
0265029,50035283,7
0270288,50035283,7
0264616,50035283,7
12877640,50035283,6
10228134,50035283,4
0240890,50035283,8
6402468,50035283,8
1297919,50035283,6
0119643,50035283,8
0110322,50035283,8
0195685,50035283,8
0181536,50035283,8
5752360,50035283,6
1121931,50035283,5
0120102,50035283,6
1129442,50035283,6
14277840,50035283,6
0204946,50035283,5
0499556,50035283,7
0117665,50035283,8
8368512,50035283,7
4761112,50035283,6
0181984,50035283,7
0086200,50035283,7
9742794,50035283,7
0266308,50035283,7
2226162,50035283,8
0269743,50035283,7
8332922,50035283,8
1182350,50035283,7
1160419,50953044,6
0368226,50953044,7
0117705,50953044,7
10365870,50953044,8
14117520,50953044,8
15747370,50953044,10
10919420,50953044,8
4244994,50953044,9
6264654,50953044,8
2382320,50953044,4
10168312,50953044,1
10168312,50953044,2
10168312,50953044,5
10168312,50953044,10
10168312,50953044,5
10168312,50953044,2
10168312,50953044,2
6139732,50953044,5
4566758,50953044,1
3228774,50953044,8
12861248,50953044,10
0870154,50953044,5
0061452,50953044,7
2326612,50953044,4
7713068,50953044,7
3480822,50953044,5
11307814,50953044,2
9140554,50953044,6
3865236,50953044,9
10059518,50953044,9
0078875,50953044,9
8151874,50953044,8
11161474,50953044,8
9620292,50953044,4
6878306,50953044,5
9770150,50953044,8
5363618,50953044,5
5034838,50953044,1
7126948,50953044,8
12361974,50953044,10
9140560,50953044,10
10077544,50953044,5
12789110,50953044,5
12768944,50953044,5
9526784,50953044,5
10796286,50953044,6
9697780,50953044,7
9138170,50953044,7
12771918,50953044,7
11068166,50953044,6
13359582,50953044,6
10288566,50953044,5
12444572,50953044,8
9046038,50953044,6
6955210,50953044,6
10418630,50953044,9
8550054,50953044,10
12443946,50953044,6
9071368,50953044,7
7886936,50953044,8
12008056,50953044,8
13979914,50953044,10
10272386,50953044,8
11818426,50953044,8
11697820,50953044,7
8132778,50953044,8
8633462,50953044,9
11361714,50953044,4
11617052,50953044,3
9850488,50953044,9
10702148,50953044,8
11007444,50953044,4
12496734,50953044,6
0118884,50953044,9
0268126,50953044,7
1833116,50953044,4
0323944,50953044,7
10394738,50953044,8
5308322,50953044,8
8155288,50953044,8
0058777,50953044,8
0074811,50953044,9
0808285,50953044,8
6172666,50953044,3
3322312,50953044,10
0093389,50953044,8
8880922,50953044,2
6723592,50953044,3
10765516,50953044,9
6488870,50953044,4
10222764,50953044,10
0452568,50953044,9
5834204,50953044,10
8494614,50953044,8
1656186,50953044,6
3715320,50953044,2
6483364,50953044,8
1520211,50953044,9
0024188,50953044,8
10603466,50953044,5
9032400,52102701,6
10919420,52102701,10
10763820,52102701,4
10919420,52102701,9
2382320,52102701,3
5743796,52102701,9
9376612,52102701,7
6924650,52102701,6
13406094,52102701,9
6264654,52102701,9
9484998,52102701,9
6334354,52102701,8
6474236,52102701,10
5712554,52102701,7
9018916,52102701,7
11804152,52102701,7
5712554,52102701,8
9777666,52102701,6
5433138,52102701,1
3758814,52102701,4
0993840,52102701,7
0111161,52102701,10
10541088,52102701,8
8332922,52102701,6
2557490,52102701,8
11041132,52102701,6
5034838,52102701,7
13406036,52102701,1
10155688,52102701,9
2191701,52102701,1
10155688,52102701,10
0475784,52102701,9
1819022,52102701,4
3520702,52102701,7
1740299,52102701,8
0944947,52102701,9
1520211,52102701,10
2017109,52102701,10
2017109,52102701,10
12361974,52102701,10
7737786,52102701,8
7126948,52102701,7
3673480,52102701,8
4786824,52102701,10
1520211,52102701,9
1270797,52102701,7
7131622,52102701,7
0386676,52102701,1
8151874,52102701,9
8134470,52102701,9
1190634,52102701,10
1560220,52102701,8
7395114,52102701,8
1190634,52102701,10
6723592,52102701,5
0264464,52102701,9
2077823,52102701,9
1587310,52102701,7
0257044,52102701,9
6048922,52102701,8
6298000,52102701,8
3741834,52102701,9
0979432,52102701,8
2304589,52102701,8
1302006,52102701,4
2304589,52102701,9
2304589,52102701,9
2304589,52102701,9
2304589,52102701,8
2304589,52102701,7
4158096,52102701,8
9308346,52102701,10
0475784,52102701,10
1598778,52102701,8
0110912,52102701,9
1520211,52102701,9
1520211,52102701,10
0475784,52102701,9
0944947,52102701,7
9308346,52102701,10
1520211,52102701,10
8550800,52102701,10
3741700,52102701,7
8550800,52102701,9
8550800,52102701,10
8550800,52102701,10
8550800,52102701,10
5727208,52102701,8
8550800,52102701,10
0120338,52102701,9
1979376,52102701,7
8550800,52102701,10
8579674,52102701,7
4971344,52102701,6
1386697,52102701,4
5697572,52102701,1
8106534,52102701,2
2379713,52102701,8
8946378,52102701,10
1740299,52102701,10
11322920,55801259,9
9620288,55801259,9
2382320,55801259,2
13056008,55801259,4
10954652,55801259,3
10574558,55801259,8
10327252,55801259,2
11456054,55801259,7
9288692,55801259,7
0108778,55801259,10
9544034,55801259,9
10342730,55801259,3
5057140,55801259,8
10155688,55801259,9
6269368,55801259,8
11937816,55801259,5
10888594,55801259,1
8108268,55801259,2
0993840,55801259,6
9477520,55801259,9
11581174,55801259,8
0064541,55801259,9
0095327,55801259,10
14318430,55801259,3
1020530,55801259,8
9182964,55801259,2
12361974,55801259,9
8259114,55801259,1
12105192,55801259,1
14152756,55801259,10
11117570,55801259,3
11318602,55801259,9
0405422,55801259,8
7798634,55801259,7
12392504,55801259,9
10009170,55801259,8
9316022,55801259,9
12393526,55801259,5
5390504,55801259,8
4916630,55801259,7
1827487,55801259,8
10651790,55801259,1
3734580,55801259,6
10964430,55801259,1
9680440,55801259,9
4179452,55801259,9
10230426,55801259,1
0242256,55801259,8
12004706,55801259,9
5726616,55801259,10
3502248,55801259,8
3183660,55801259,7
7949218,55801259,5
8111088,55801259,9
8755226,55801259,8
8948790,55801259,9
9675464,55801259,8
7049682,55801259,8
6751668,55801259,9
8069036,55801259,2
8772262,55801259,3
6077448,55801259,9
7019942,55801259,9
1496729,55801259,7
0060196,55801259,8
4154796,55801259,8
0078788,55801259,9
7366338,55801259,9
8239946,55801259,9
9558612,55801259,1
6966692,55801259,9
5083738,55801259,8
8550208,55801259,2
0109830,55801259,10
0105271,55801259,8
0312859,55801259,8
5758778,55801259,3
6980546,55801259,1
7392212,55801259,10
7329858,55801259,7
4158110,55801259,9
1648190,55801259,1
5824826,55801259,9
7294534,55801259,9
2258337,55801259,5
2631186,55801259,1
4849438,55801259,1
5666304,55801259,7
4877122,55801259,1
5362988,55801259,9
3450958,55801259,2
1288558,55801259,7
1632547,55801259,8
0410730,55801259,8
1396484,55801259,7
0464141,55801259,8
0440803,55801259,8
0420251,55801259,8
4263482,55801259,10
2250912,55801259,8
2382320,61539916,7
0106918,61539916,10
0119116,61539916,1
0099423,61539916,10
0106582,61539916,8
0942385,61539916,8
0052561,61539916,3
0120787,61539916,8
0121765,61539916,1
2527336,61539916,10
3778644,61539916,1
1185834,61539916,1
2527338,61539916,1
2488496,61539916,1
0086190,61539916,1
0121766,61539916,1
0120915,61539916,1
3748528,61539916,1
0080684,61539916,1
0076759,61539916,1
0093773,61539916,10
0088247,61539916,10
0109444,61539916,8
0034583,61539916,6
0060196,61539916,6
0167260,61539916,1
0108052,61539916,8
0468569,61539916,7
0068646,61539916,8
0758758,61539916,6
0091763,61539916,10
1205489,61539916,9
0116282,61539916,6
0120382,61539916,6
0084787,61539916,1
1130884,61539916,1
0993846,61539916,6
0119488,61539916,10
0075314,61539916,7
0180093,61539916,1
0112573,61539916,10
0082096,61539916,9
0090605,61539916,10
0364569,61539916,1
0057012,61539916,7
0081505,61539916,5
0050825,61539916,6
0405094,61539916,10
0082971,61539916,7
0078788,61539916,10
0172495,61539916,10
0120586,61539916,10
0103064,61539916,10
0120689,61539916,4
0133093,61539916,10
0137523,61539916,10
0120737,61539916,4
0050083,61539916,6
0088763,61539916,10
0110413,61539916,10
0114369,61539916,10
0073486,61539916,1
0167261,61539916,5
0816692,61539916,6
0066921,61539916,1
0211915,61539916,1
0335266,61539916,1
3076658,61539916,9
6343314,61539916,7
0097576,61539916,10
0112471,61539916,7
7456310,61539916,7
0047396,61539916,10
0105690,61539916,3
0106977,61539916,10
0095016,61539916,10
0389557,61539916,10
1194173,61539916,2
0258463,61539916,8
1878870,61539916,8
0381061,61539916,9
0044079,61539916,7
8946378,61539916,10
0810922,61539916,7
6491178,61539916,8
0368891,61539916,4
1302006,61539916,7
1950186,61539916,7
8579674,61539916,7
0100502,61539916,8
0111161,61539916,10
2582802,61539916,10
14164730,66565190,3
0427944,66565190,8
0080240,66565190,8
0246460,66565190,6
2382320,66565190,1
11083552,66565190,9
14968268,66565190,2
3833480,66565190,7
10826054,66565190,1
5028002,66565190,8
11905922,66565190,8
0133302,66565190,1
11229780,66565190,9
4761112,66565190,1
10962368,66565190,1
7294498,66565190,1
6238614,66565190,10
3224458,66565190,8
7985576,66565190,3
0075520,66565190,9
4558200,66565190,9
12361974,66565190,8
0974015,66565190,1
0107943,66565190,8
8068860,66565190,3
7472896,66565190,9
6828390,66565190,6
8739752,66565190,4
0399201,66565190,8
1980209,66565190,7
4172430,66565190,8
12837188,66565190,1
10279176,66565190,1
0167628,66565190,7
1291584,66565190,8
12351448,66565190,1
0121955,66565190,1
7671070,66565190,2
1422020,66565190,8
7440726,66565190,3
2701582,66565190,2
2701582,66565190,2
9348700,66565190,2
9072206,66565190,8
6343314,66565190,1
8134470,66565190,4
10971122,66565190,1
10048342,66565190,4
2543164,66565190,7
2802850,66565190,5
2802850,66565190,5
2802850,66565190,5
2802850,66565190,3
2802850,66565190,2
2802850,66565190,4
2802850,66565190,4
2802850,66565190,5
1091191,66565190,8
0487831,66565190,8
13143964,66565190,2
4574334,66565190,1
0084602,66565190,7
0079817,66565190,9
0100507,66565190,6
0089927,66565190,7
0479143,66565190,8
1070874,66565190,3
13243898,66565190,9
2584384,66565190,7
7713068,66565190,1
9174536,66565190,1
10986410,66565190,3
12967950,66565190,1
2262456,66565190,2
0475784,66565190,1
0409459,66565190,8
7049682,66565190,1
8712204,66565190,1
7395114,66565190,8
7939766,66565190,2
9359220,66565190,2
0780504,66565190,9
3783958,66565190,10
9071322,66565190,8
5719748,66565190,8
0034694,66565190,8
5056196,66565190,8
1504320,66565190,8
9612102,66565190,8
0863046,66565190,8
2937900,66565190,8
0129690,66565190,8
1856010,66565190,7
2543312,66565190,10
0055701,66565190,8
7356382,66565190,8
9139586,66565190,8
12762002,66565190,1
0120784,66565190,7
1226273,66565190,7
6751668,9903662,9
1270797,9903662,6
7286456,9903662,9
0120338,9903662,8
10665338,9903662,6
8946378,9903662,7
4154796,9903662,8
6334354,9903662,6
1160419,9903662,9
6264654,9903662,6
7097896,9903662,5
3420504,9903662,5
2382320,9903662,6
0870154,9903662,5
9639470,9903662,7
3811906,9903662,1
0477348,9903662,8
1856101,9903662,8
7888964,9903662,8
12361974,9903662,8
4836846,9903662,3
5078204,9903662,8
3230854,9903662,1
0455944,9903662,9
2531336,9903662,8
1838556,9903662,4
10048342,9903662,9
0397101,9903662,8
0437086,9903662,7
5027774,9903662,8
5606664,9903662,7
8579674,9903662,8
2024544,9903662,9
1950186,9903662,8
6806448,9903662,2
0780571,9903662,8
2096672,9903662,3
6722030,9903662,2
2283336,9903662,4
6772804,9903662,1
0118715,9903662,9
0905372,9903662,5
2395427,9903662,7
0451279,9903662,8
1618434,9903662,1
0264464,9903662,9
5083738,9903662,8
7366338,9903662,10
7366338,9903662,10
2567712,9903662,8
5968394,9903662,6
4154664,9903662,1
7366338,9903662,10
1489887,9903662,1
6857112,9903662,1
0448115,9903662,7
5719748,9903662,4
0903747,9903662,10
5886046,9903662,4
2243973,9903662,9
0947802,9903662,7
7959026,9903662,7
0137494,9903662,7
1488606,9903662,4
5290382,9903662,9
4951982,9903662,5
7332306,9903662,8
2058673,9903662,2
5657856,9903662,7
2397535,9903662,8
7042862,9903662,2
4139588,9903662,1
7043012,9903662,1
1571234,9903662,3
3722234,9903662,7
4218572,9903662,7
1727824,9903662,8
4633694,9903662,9
2191701,9903662,1
7641782,9903662,1
4154916,9903662,2
1477834,9903662,3
6628394,9903662,6
6921996,9903662,4
7040874,9903662,8
3553976,9903662,8
4154756,9903662,9
1568921,9903662,8
6998518,9903662,3
2582802,9903662,8
0974015,9903662,6
4560436,9903662,4
5095030,9903662,4
0844479,9903662,5
1255953,9903662,8
4209788,9903662,7
1924396,9903662,8
0099871,9903662,8
5774450,9903662,8
1259528,9903662,7
13265876,10208818,3
3480822,10208818,6
2382320,10208818,3
12399056,10208818,4
3060492,10208818,8
2261227,10208818,7
0087182,10208818,5
8042500,10208818,1
7298400,10208818,8
3967856,10208818,7
0468492,10208818,7
0109424,10208818,8
2872718,10208818,8
0120681,10208818,7
5017936,10208818,8
10451914,10208818,3
5453522,10208818,6
6372694,10208818,2
13323626,10208818,5
8545482,10208818,7
3626476,10208818,7
10954652,10208818,2
4218572,10208818,4
4139588,10208818,7
2076822,10208818,5
0437086,10208818,8
11343600,10208818,8
6723592,10208818,6
0870154,10208818,7
11815960,10208818,7
5433138,10208818,2
4154664,10208818,6
0944947,10208818,1
2356777,10208818,10
6932244,10208818,9
0944947,10208818,1
0944947,10208818,1
0944947,10208818,2
0944947,10208818,4
0944947,10208818,3
0079086,10208818,8
0372784,10208818,7
1345836,10208818,7
1663202,10208818,8
0454876,10208818,5
0480249,10208818,7
1631867,10208818,7
1454468,10208818,4
3659388,10208818,7
2543164,10208818,10
1355644,10208818,7
3896198,10208818,8
1211837,10208818,8
0451279,10208818,8
3450958,10208818,8
4630562,10208818,8
3731562,10208818,7
2911666,10208818,9
3315342,10208818,8
5027774,10208818,10
5580390,10208818,8
5013056,10208818,5
3890160,10208818,8
4425200,10208818,10
1959563,10208818,8
2406566,10208818,10
2873282,10208818,6
6461824,10208818,10
4463816,10208818,2
4385888,10208818,8
3721936,10208818,9
1232776,10208818,8
0851577,10208818,10
2328813,10208818,9
0060107,10208818,9
0072443,10208818,10
0087884,10208818,9
0093191,10208818,10
1657507,10208818,8
3553442,10208818,7
6304046,10208818,8
3799694,10208818,8
0918940,10208818,6
3460252,10208818,7
0118971,10208818,9
2039338,10208818,6
1396484,10208818,7
2051879,10208818,6
1561768,10208818,7
0069687,10208818,8
3532216,10208818,8
0246405,10208818,8
3685218,10208818,7
5462602,10208818,5
1856101,10208818,10
4649466,10208818,2
0974015,10208818,1
1598642,10208818,5
1815862,10208818,3
2381941,10208818,8
4513678,113453781,7
7991608,113453781,6
13024674,113453781,7
10696784,113453781,8
1160419,113453781,10
2382320,113453781,9
7097896,113453781,7
9376612,113453781,7
7737528,113453781,7
9347730,113453781,8
6334354,113453781,8
9243804,113453781,8
7658402,113453781,9
8404256,113453781,7
8368408,113453781,8
3554046,113453781,4
9777666,113453781,7
9459718,113453781,9
0993840,113453781,7
12361974,113453781,9
7126948,113453781,7
7713068,113453781,8
1160419,116492048,7
9376612,116492048,8
14650074,116492048,7
11032374,116492048,9
6264654,116492048,6
0489974,116492048,6
10919420,116492048,8
9032400,116492048,6
7097896,116492048,7
3480822,116492048,7
6334354,116492048,7
9208876,116492048,7
9140554,116492048,7
10168312,116492048,7
9335498,116492048,9
12343534,116492048,9
0460649,116492048,8
2382320,116492048,8
8755226,116492048,7
3778644,116492048,6
1727824,116492048,7
2883512,116492048,7
8130968,116492048,8
5571734,116492048,8
9544034,116492048,9
14392248,116492048,8
4508902,116492048,7
10888594,116492048,1
0926084,116492048,7
0330373,116492048,8
1833673,116492048,5
5970844,116492048,4
0405508,116492048,8
0169102,116492048,8
2338151,116492048,8
2395469,116492048,6
1043813,116492048,7
0988824,116492048,8
0409591,116492048,8
10633456,116492048,7
9140560,116492048,6
3731562,116492048,8
0360717,116492048,7
6723592,116492048,7
5034838,116492048,6
12361974,116492048,8
10048342,116492048,9
0242519,116492048,8
0456144,116492048,7
0374887,116492048,8
2283748,116492048,8
2356180,116492048,9
6452574,116492048,7
7485048,116492048,8
8111088,116492048,9
4052886,116492048,8
12392504,116492048,9
2189461,116492048,7
1190634,116492048,8
1548850,116492048,7
7441984,116492048,7
6611916,116492048,8
2872732,116492048,7
1312171,116492048,8
2543472,116492048,9
7187768,116492048,5
5990066,116492048,5
1078940,116492048,5
2661044,116492048,7
7051624,116492048,6
1655441,116492048,7
9683478,116492048,6
8201170,116492048,5
0398165,116492048,6
1086772,116492048,6
0142342,116492048,6
2191701,116492048,5
1375670,116492048,6
1232200,116492048,5
2811158,116492048,8
0305051,116492048,7
2787558,116492048,7
0069576,116492048,8
0245612,116492048,8
0103772,116492048,6
0243585,116492048,6
0164912,116492048,7
0405325,116492048,6
1517489,116492048,4
0338459,116492048,5
0227538,116492048,6
0287717,116492048,6
0295701,116492048,6
0268380,116492048,8
0295178,116492048,5
0130623,116492048,7
0120917,116492048,7
0230011,116492048,7
0133240,116492048,8
0119282,116492048,7
2382320,123831522,9
4513678,123831522,9
9032400,123831522,4
13024674,123831522,9
10665338,123831522,9
9376612,123831522,5
10168312,123831522,8
6334354,123831522,9
10826054,123831522,2
3480822,123831522,2
0993840,123831522,10
7286456,123831522,10
1211837,123831522,8
2193021,123831522,9
2395427,123831522,3
3896198,123831522,3
3498820,123831522,3
0409459,123831522,10
8722888,123831522,3
6320628,123831522,3
3501632,123831522,3
0416449,123831522,10
0119707,123831522,1
5463162,123831522,8
4154756,123831522,9
4532368,123831522,9
0451279,123831522,10
0978764,123831522,9
0113855,123831522,10
0363547,123831522,10
6723592,123831522,5
0448115,123831522,8
1386697,123831522,8
0974015,123831522,1
4016454,123831522,7
1825683,123831522,5
3215824,123831522,6
1270797,123831522,10
4154796,123831522,7
7888964,123831522,10
3107288,123831522,10
1477834,123831522,10
0770828,123831522,10
0293429,123831522,9
5034838,123831522,9
12361974,123831522,10
11192306,123831522,10
9140560,123831522,1
7126948,123831522,10
2975590,123831522,10
2382320,125208996,4
4986098,125208996,5
7040874,125208996,7
2580382,125208996,7
7671064,125208996,8
12592252,125208996,4
1386925,125208996,3
4537896,125208996,7
9441638,125208996,3
3457508,125208996,2
6834916,125208996,3
9059704,125208996,5
2582498,125208996,5
8231668,125208996,5
7939766,125208996,1
4334266,125208996,1
6111574,125208996,6
7395114,125208996,8
8923854,125208996,8
8110640,125208996,7
10418662,125208996,7
1724970,125208996,3
9076562,125208996,7
2724532,125208996,4
1321511,125208996,7
0179626,125208996,5
1591479,125208996,6
2106361,125208996,6
7084386,125208996,7
5580392,125208996,5
4614612,125208996,2
0120399,125208996,7
0386751,125208996,5
5011604,125208996,6
0289374,125208996,4
11327514,125208996,8
0475355,125208996,5
1107860,125208996,5
2669336,125208996,5
0373469,125208996,7
3605418,125208996,4
4827922,125208996,7
0309059,125208996,3
0499097,125208996,5
1053424,125208996,7
0165854,125208996,5
6421110,125208996,4
1781922,125208996,7
9686708,125208996,7
0110395,125208996,3
9203694,125208996,6
2554856,125208996,3
3157224,125208996,5
5446838,125208996,3
1639397,125208996,5
0417397,125208996,6
1191971,125208996,1
0170691,125208996,6
2186783,125208996,3
0327919,125208996,5
0763840,125208996,5
5208252,125208996,6
2717822,125208996,3
0441774,125208996,5
0366627,125208996,4
5932728,125208996,7
2140507,125208996,7
0991174,125208996,7
0469903,125208996,7
2992524,125208996,4
1186370,125208996,6
8972256,125208996,7
6149154,125208996,3
1833116,125208996,7
9387250,125208996,4
6610158,125208996,5
3213622,125208996,5
9135272,125208996,1
1987680,125208996,7
3201640,125208996,5
7616148,125208996,7
1051906,125208996,8
9893250,125208996,7
1025100,125208996,5
6436726,125208996,6
9354944,125208996,6
1181791,125208996,6
10243992,125208996,6
6924650,125208996,7
4218696,125208996,7
4218572,125208996,8
1206885,125208996,4
5503686,125208996,5
5363618,125208996,6
2274648,125208996,6
7339248,125208996,5
6394270,125208996,2
8364368,125208996,8
3643544,125208996,1
8367814,125208996,9
10366460,14489291,10
2382320,14489291,9
4181172,14489291,1
6264654,14489291,9
0870154,14489291,8
6966692,14489291,10
7374948,14489291,8
1878870,14489291,8
8521876,14489291,8
6133466,14489291,1
2184339,14489291,1
0088680,14489291,2
0120655,14489291,8
5109280,14489291,8
0094898,14489291,8
0346491,14489291,1
0120053,14489291,8
0114898,14489291,6
0120201,14489291,8
7221388,14489291,9
7221388,14489291,10
8403536,14489291,7
0095519,14489291,8
0088478,14489291,6
0088478,14489291,5
0088478,14489291,4
0088478,14489291,9
0088478,14489291,1
10048342,14489291,9
8962124,14489291,9
8111088,14489291,7
8111088,14489291,9
8111088,14489291,9
1312171,14489291,9
2584384,14489291,9
9071322,14489291,9
8580274,14489291,10
5814534,14489291,2
5788792,14489291,2
0126029,14489291,10
7366338,14489291,10
2126357,14489291,10
0089346,14489291,7
6182908,14489291,8
0099088,14489291,8
7975244,14489291,6
2283362,14489291,8
1502397,14489291,6
7146812,14489291,9
6324278,14489291,9
6394270,14489291,10
1190634,14489291,1
2527336,14489291,6
2527338,14489291,8
4520988,14489291,10
0118715,14489291,10
0208092,14489291,9
8946378,14489291,10
1950186,14489291,10
0110357,14489291,7
0816692,14489291,6
0080684,14489291,10
0120737,14489291,7
9446688,14489291,4
2283336,14489291,8
0084503,14489291,9
7131622,14489291,2
1415889,14489291,10
7203552,14489291,9
0119643,14489291,8
8111088,14489291,3
8111088,14489291,9
0275847,14489291,9
7547410,14489291,8
2139881,14489291,10
6139732,14489291,5
0083944,14489291,10
0094737,14489291,8
0061722,14489291,8
0437086,14489291,6
2395427,14489291,4
4154796,14489291,7
4154664,14489291,8
0090305,14489291,10
7040874,14489291,7
0412253,14489291,1
2025690,14489291,8
1567609,14489291,8
1618434,14489291,8
0944947,14489291,1
9253866,14489291,10
0120917,14489291,10
0089222,14489291,10
0232500,14489291,10
5691552,14489291,10
5691552,14489291,10
0109254,14489291,6
0094012,14489291,10
1077368,14489291,8
0092644,14489291,10
0100802,23110832,9
2382320,23110832,9
11337862,23110832,10
10288566,23110832,9
2741602,23110832,4
0072443,23110832,8
1675434,23110832,10
1987680,23110832,10
2960144,23110832,10
4881806,23110832,9
0362227,23110832,10
4422836,23110832,10
2883512,23110832,10
3032476,23110832,10
2802850,23110832,10
2527338,23110832,8
0109040,23110832,7
7975244,23110832,8
1535109,23110832,10
2017038,23110832,9
9243946,23110832,10
0773262,23110832,9
0319262,23110832,10
2935510,23110832,8
1114740,23110832,6
2194499,23110832,8
0144084,23110832,6
1618434,23110832,10
6966692,23110832,9
6628394,23110832,7
5657856,23110832,7
0910936,23110832,8
4034228,23110832,4
1637725,23110832,8
1711525,23110832,10
0283941,23110832,8
0825232,23110832,8
3748528,23110832,8
1520211,23110832,8
2004420,23110832,8
1170358,23110832,7
0317919,23110832,6
0378194,23110832,10
1365519,23110832,10
4912910,23110832,10
6911608,23110832,9
3032476,23110832,10
0903624,23110832,8
0089880,23110832,5
2861424,23110832,1
0453467,23110832,8
3501632,23110832,7
0141842,23110832,5
0124198,23110832,9
0198781,23110832,2
0264464,23110832,9
0266697,23110832,10
0095016,23110832,10
0119217,23110832,10
0105236,23110832,10
0086190,23110832,10
0112573,23110832,7
5074352,23110832,1
0209144,23110832,10
0088763,23110832,9
2582802,23110832,10
0407887,23110832,9
0080684,23110832,10
0060196,23110832,10
0111161,23110832,8
0240772,23110832,10
1231587,23110832,5
0315327,23110832,10
0413099,23110832,9
4425200,23110832,9
2527336,23110832,10
2126235,23110832,5
2387559,23110832,5
0256380,23110832,9
1355644,23110832,8
1489889,23110832,8
0373889,23110832,10
0330373,23110832,10
0417741,23110832,10
1850457,23110832,7
4633690,23110832,9
0386588,23110832,9
0313737,23110832,4
0455275,23110832,10
0098800,23110832,8
2024544,23110832,8
1790809,23110832,9
0429068,23110832,6
1431045,23110832,7
0361748,23110832,8
4975722,23110832,6
1068680,23110832,10
1630027,23110832,8
4080728,23110832,8
2005151,23110832,8
12789558,25424205,8
4244994,25424205,8
10919420,25424205,8
2382320,25424205,9
5498354,25424205,7
3228774,25424205,8
11083552,25424205,8
7698468,25424205,6
0311113,25424205,8
1399664,25424205,9
6802400,25424205,7
10539608,25424205,4
9184986,25424205,9
4110246,25424205,5
3833480,25424205,8
5259822,25424205,4
0343737,25424205,7
2910904,25424205,8
10048342,25424205,10
5788792,25424205,10
5093026,25424205,8
13143964,25424205,8
0983946,25424205,3
5177088,25424205,3
6436726,25424205,9
4669264,25424205,7
6723592,25424205,7
1526318,25424205,10
4731136,25424205,7
7423538,25424205,9
4944694,25424205,9
1291584,25424205,10
10986410,25424205,8
8722346,25424205,8
7549996,25424205,4
6491178,25424205,4
0095956,25424205,4
0089880,25424205,7
1206885,25424205,5
0462499,25424205,6
0083944,25424205,8
5719748,25424205,8
9185066,25424205,2
8688634,25424205,7
1833116,25424205,6
7772588,25424205,8
7203552,25424205,10
6048922,25424205,6
9777644,25424205,5
5673782,25424205,8
8420184,25424205,10
3488710,25424205,8
8367814,25424205,9
5536610,25424205,7
5301662,25424205,8
5727208,25424205,4
8290698,25424205,9
6751668,25424205,8
7134096,25424205,5
4916630,25424205,8
8579674,25424205,10
5774060,25424205,5
7545266,25424205,1
8526872,25424205,7
8404614,25424205,9
8946378,25424205,7
9071322,25424205,8
7653254,25424205,10
0112641,25424205,9
0217505,25424205,9
1130884,25424205,9
0490215,25424205,10
1302006,25424205,9
1190080,25424205,6
4604612,25424205,9
0090563,25424205,10
6924650,25424205,7
5865326,25424205,7
4786824,25424205,9
1950186,25424205,10
0385887,25424205,8
2442560,25424205,10
5431890,25424205,8
7131622,25424205,7
7366338,25424205,10
7949606,25424205,7
1480295,25424205,5
8079248,25424205,7
8772262,25424205,8
1489887,25424205,9
1083452,25424205,6
2066051,25424205,6
6139732,25424205,8
4481514,25424205,1
6146586,25424205,9
1298644,25424205,2
6148324,25424205,8
5977276,25424205,7
7634968,25424205,5
4425200,25424205,9
2382320,2810872,4
4244994,2810872,4
9376612,2810872,8
8962124,2810872,5
10696896,2810872,7
9866072,2810872,1
8760280,2810872,10
9698442,2810872,1
9204128,2810872,8
8270592,2810872,9
8740790,2810872,1
2165922,2810872,2
9077530,2810872,9
7846844,2810872,10
0808244,2810872,6
0249462,2810872,10
0078672,2810872,10
0311113,2810872,10
0349825,2810872,10
0066684,2810872,10
0286788,2810872,1
0316396,2810872,10
0205873,2810872,10
0112130,2810872,7
0078902,2810872,10
0127536,2810872,8
0177971,2810872,8
0159365,2810872,9
0120815,2810872,10
0104036,2810872,10
0325980,2810872,10
0114924,2810872,10
0258463,2810872,6
0245574,2810872,5
0203230,2810872,9
0247425,2810872,8
0325055,2810872,9
0257044,2810872,10
0094921,2810872,8
0166896,2810872,9
0335266,2810872,7
0132666,2810872,9
0107943,2810872,10
0088727,2810872,10
0276751,2810872,9
0163994,2810872,10
2382320,28729162,1
3605418,28729162,1
7772588,28729162,1
11657662,28729162,1
6334354,28729162,1
12708542,28729162,4
4520988,28729162,1
3228774,28729162,1
2140141,28729162,3
13804084,28729162,4
6111130,28729162,1
3006802,28729162,1
7745956,28729162,1
9208876,28729162,1
6741278,28729162,1
5761478,28729162,1
2403776,28729162,1
0293429,28729162,7
7475590,28729162,1
11454722,28729162,1
8740790,28729162,1
7211618,28729162,1
11192306,28729162,6
8322592,28729162,1
9288848,28729162,1
7846844,28729162,1
5197820,28729162,1
9059350,28729162,1
8210856,28729162,1
5834204,28729162,1
12885852,28729162,5
3230854,28729162,1
7049682,28729162,1
7126948,28729162,1
11032396,28729162,1
6905686,28729162,1
7612548,28729162,6
10436228,28729162,6
10584608,28729162,3
1641384,28729162,5
6932244,4453251,7
9737326,4453251,8
11947248,4453251,9
10937180,4453251,2
1160419,4453251,9
2382320,4453251,6
4277922,4453251,6
11808942,4453251,9
9777666,4453251,5
3502248,4453251,10
6053512,4453251,8
0087843,4453251,5
8879940,4453251,10
8879940,4453251,10
0944947,4453251,10
0944947,4453251,10
0944947,4453251,10
9642982,4453251,10
1392214,4453251,10
6741278,4453251,10
1371111,4453251,9
6741278,4453251,10
9208876,4453251,6
6741278,4453251,10
9208876,4453251,2
9208876,4453251,6
12361974,4453251,8
4680182,4453251,9
7569576,4453251,7
7126948,4453251,9
8633062,4453251,7
6723592,4453251,10
8111088,4453251,4
10569810,4453251,2
0082348,4453251,10
8190688,4453251,2
0120737,4453251,10
13143964,4453251,1
10986410,4453251,10
12819234,4453251,10
8879940,4453251,10
8879940,4453251,10
8879940,4453251,10
7049682,4453251,10
0053696,4453251,9
0475784,4453251,4
0053291,4453251,10
2261227,4453251,5
8806524,4453251,8
9698480,4453251,8
7821582,4453251,5
8946378,4453251,8
7671598,4453251,5
5180504,4453251,9
2527338,4453251,4
7286456,4453251,9
3778644,4453251,7
8548830,4453251,6
7203552,4453251,9
7752126,4453251,6
5294518,4453251,6
5052448,4453251,9
6857112,4453251,4
2935510,4453251,9
5952634,4453251,10
0489974,4453251,9
10517426,4453251,2
1190634,4453251,10
6105098,4453251,1
1618434,4453251,8
1869454,4453251,6
3148266,4453251,3
2085059,4453251,7
0944947,4453251,10
0944947,4453251,10
0944947,4453251,10
0944947,4453251,10
4154796,4453251,5
4209256,4453251,10
3230854,4453251,9
7016254,4453251,1
2737304,4453251,6
3829266,4453251,7
2527336,4453251,5
4912910,4453251,10
5736758,4453251,4
1034007,4453251,9
0388644,4453251,8
6857988,4453251,2
7902072,4453251,6
2911666,4453251,8
4154756,4453251,4
5056958,4453251,9
4643084,4453251,10
5114356,4453251,10
6468322,4453251,6
7768848,4453251,8
6729080,4453251,2
1825683,4453251,3
0120794,4453251,10
7097896,44739822,5
9376612,44739822,8
3420504,44739822,5
2382320,44739822,9
13024674,44739822,8
1160419,44739822,7
10665338,44739822,1
0405508,44739822,7
0198781,44739822,9
1954470,44739822,10
0075148,44739822,9
1201607,44739822,10
0892769,44739822,6
0264464,44739822,7
1205489,44739822,5
0050212,44739822,5
0266697,44739822,10
0266543,44739822,10
0107290,44739822,10
2948372,44739822,9
2096673,44739822,8
0015864,44739822,7
1130884,44739822,7
0120735,44739822,8
0993846,44739822,8
0372784,44739822,10
0095016,44739822,10
0113277,44739822,7
0097576,44739822,9
1049413,44739822,10
0435761,44739822,8
0208092,44739822,5
0986264,44739822,10
0086190,44739822,10
0361748,44739822,7
0114709,44739822,10
1187043,44739822,10
0082096,44739822,8
0112573,44739822,8
4633694,44739822,9
0910970,44739822,10
0082971,44739822,8
0078748,44739822,8
0407887,44739822,8
0172495,44739822,8
0103064,44739822,10
0110357,44739822,8
0120815,44739822,10
0076759,44739822,10
0133093,44739822,10
0080684,44739822,10
0137523,44739822,8
6079772,44739822,7
6402468,44739822,9
6264654,44739822,7
10919420,44739822,10
11125620,44739822,8
1620981,44739822,9
13056008,44739822,6
7737528,44739822,4
0103919,44739822,3
9853678,44739822,8
10275370,44739822,9
9421570,44739822,4
6932874,44739822,5
3811906,44739822,8
9347730,44739822,5
10521144,44739822,4
10954652,44739822,6
9844522,44739822,7
5886046,44739822,7
3272066,44739822,7
6723592,44739822,10
10155932,44739822,1
0870154,44739822,9
9243804,44739822,3
10696896,44739822,4
6246322,44739822,6
4160708,44739822,6
10731768,44739822,6
8404256,44739822,6
11804152,44739822,5
6334354,44739822,5
10228134,44739822,3
5433138,44739822,5
3554046,44739822,6
9140554,44739822,9
9770150,44739822,1
8385148,44739822,6
10327252,44739822,4
9701942,44739822,8
3480822,44739822,8
9701940,44739822,8
9777666,44739822,9
6566576,44739822,7
8332922,44739822,8
6644200,44739822,7
1838556,44739822,4
3215824,44739822,5
10342730,44739822,4
11540284,20890339,6
0079817,20890339,8
0037990,20890339,6
0089927,20890339,7
1477715,20890339,8
0057238,20890339,1
0050087,20890339,6
7991608,20890339,6
0041926,20890339,6
0360009,20890339,6
0051866,20890339,6
0099810,20890339,7
0482571,20890339,8
0066769,20890339,7
0031125,20890339,7
0059934,20890339,6
1951266,20890339,6
0041827,20890339,6
0061065,20890339,5
0119099,20890339,7
0065134,20890339,7
0041571,20890339,6
9032400,20890339,1
0016220,20890339,7
0023649,20890339,6
0053877,20890339,7
0029884,20890339,7
0060228,20890339,6
0059821,20890339,7
0066162,20890339,5
0058620,20890339,6
0080716,20890339,6
0041944,20890339,6
1160419,20890339,7
0079688,20890339,7
0023563,20890339,7
0045198,20890339,7
4136084,20890339,7
0030413,20890339,6
0043973,20890339,6
0062873,20890339,7
0080455,20890339,8
0056736,20890339,6
9340860,20890339,5
0047603,20890339,6
0032153,20890339,6
2382320,20890339,5
0082398,20890339,7
1924245,20890339,7
0067185,20890339,6
0045824,20890339,6
0104797,20890339,6
13710206,20890339,7
0048967,20890339,6
1464540,20890339,6
0293429,20890339,5
6719950,20890339,7
0048728,20890339,7
0822854,20890339,7
0025161,20890339,5
10272386,20890339,7
0116409,20890339,6
0039294,20890339,7
0985699,20890339,7
0039037,20890339,6
0046935,20890339,7
0072228,20890339,7
0042219,20890339,7
0097499,20890339,7
0034732,20890339,6
0069103,20890339,5
0061122,20890339,6
1340800,20890339,7
9376612,20890339,7
0039757,20890339,6
0023158,20890339,6
3393786,20890339,6
0040109,20890339,6
0048975,20890339,6
1646987,20890339,6
2452150,20890339,6
0039659,20890339,6
1229238,20890339,7
0048966,20890339,7
0054936,20890339,6
0209163,20890339,7
0047860,20890339,6
0335345,20890339,9
0369610,20890339,7
0040820,20890339,6
0163025,20890339,6
0119567,20890339,7
0039090,20890339,7
0106918,20890339,7
0049653,20890339,6
1392190,20890339,6
0079501,20890339,7
0054367,20890339,6
0049513,20890339,8
0038492,20890339,7
